{
  "club": "driver",
  "sourceVideos": [
    "billyDriver",
    "danDriver",
    "ianDriver",
    "rickieDriver"
  ],
  "generatedAt": "2026-04-12T15:15:43.285Z",
  "numericRanges": {
    "metadata.durationMs": {
      "min": 1062.5,
      "max": 2000,
      "mean": 1468.75,
      "n": 4
    },
    "posture.spineAngle.setup": {
      "min": -74.19021572555202,
      "max": -69.25529268378777,
      "mean": -71.01618803971022,
      "n": 4
    },
    "posture.spineAngle.top": {
      "min": -73.60446667700427,
      "max": -67.74505223695564,
      "mean": -71.11706690247496,
      "n": 4
    },
    "posture.spineAngle.impact": {
      "min": -80.64011255637622,
      "max": -71.33193372130941,
      "mean": -76.14837139207313,
      "n": 4
    },
    "posture.kneeFlex.min": {
      "min": 154.91499363057503,
      "max": 170.24499091833167,
      "mean": 164.6784202955232,
      "n": 4
    },
    "posture.kneeFlex.setup": {
      "min": 156.7168273896948,
      "max": 171.5762894548477,
      "mean": 165.7030725515972,
      "n": 4
    },
    "posture.kneeFlex.top": {
      "min": 159.0055906326906,
      "max": 166.4390449027406,
      "mean": 162.82031875078326,
      "n": 4
    },
    "posture.kneeFlex.impact": {
      "min": 165.29131410386438,
      "max": 178.44264297182178,
      "mean": 173.59823449731596,
      "n": 4
    },
    "kinematics.shoulderTilt.max": {
      "min": 111.7261994890403,
      "max": 172.9117347476193,
      "mean": 150.08195541298488,
      "n": 4
    },
    "kinematics.shoulderTilt.setup": {
      "min": 32.48858882543555,
      "max": 111.7261994890403,
      "mean": 56.38722808049468,
      "n": 4
    },
    "kinematics.shoulderTilt.impact": {
      "min": 111.7261994890403,
      "max": 143.20345120625774,
      "mean": 131.89623212874125,
      "n": 4
    },
    "kinematics.hipTilt.max": {
      "min": 161.96440903883735,
      "max": 178.56690040314274,
      "mean": 169.91141422223484,
      "n": 4
    },
    "kinematics.hipTilt.impact": {
      "min": 145.83741116553088,
      "max": 161.96440903883735,
      "mean": 153.4345473644928,
      "n": 4
    },
    "kinematics.weightShift.lateralHipMovement": {
      "min": -0.024080951276912732,
      "max": 0.014346552398889616,
      "mean": -0.004261083146239681,
      "n": 4
    },
    "sequencing.timing.absolute.hipPeakMs": {
      "min": 0,
      "max": 1062.5,
      "mean": 515.625,
      "n": 4
    },
    "sequencing.timing.absolute.shoulderPeakMs": {
      "min": 0,
      "max": 1000,
      "mean": 500,
      "n": 4
    },
    "sequencing.timing.absolute.topMs": {
      "min": 0,
      "max": 1937.5,
      "mean": 1109.375,
      "n": 4
    },
    "sequencing.timing.absolute.impactMs": {
      "min": 0,
      "max": 1625,
      "mean": 921.875,
      "n": 4
    },
    "sequencing.timing.relative.hipVsShoulderMs": {
      "min": -62.5,
      "max": 0,
      "mean": -15.625,
      "n": 4
    },
    "swingPath.downswingVector.magnitude": {
      "min": 1.4790602408833295,
      "max": 1.8336869258088984,
      "mean": 1.5976919987100018,
      "n": 3
    },
    "swingPath.downswingVector.angleDeg": {
      "min": -102.51910506932107,
      "max": -100.05923885563728,
      "mean": -101.43128283684185,
      "n": 3
    },
    "swingPath.downswingAngle": {
      "min": -102.51910506932107,
      "max": -100.05923885563728,
      "mean": -101.43128283684185,
      "n": 3
    },
    "swingPath.pathSeverity": {
      "min": -102.51910506932107,
      "max": -100.05923885563728,
      "mean": -101.43128283684185,
      "n": 3
    },
    "stability.headMovement": {
      "min": 0.09400900592852716,
      "max": 0.2915693655350025,
      "mean": 0.19421750419440498,
      "n": 3
    },
    "stability.headRise": {
      "min": 0,
      "max": 0.2273076967282092,
      "mean": 0.13805191201879366,
      "n": 4
    },
    "stability.hipRise": {
      "min": -0.031014089131897123,
      "max": 0,
      "mean": -0.012162971409199051,
      "n": 4
    },
    "kinematics.shoulderTilt.top": {
      "min": 111.7261994890403,
      "max": 111.7261994890403,
      "mean": 111.7261994890403,
      "n": 1
    },
    "kinematics.hipTilt.top": {
      "min": 161.96440903883735,
      "max": 161.96440903883735,
      "mean": 161.96440903883735,
      "n": 1
    }
  },
  "bands": {
    "metadata.durationMs": {
      "low": 987.5,
      "high": 2075,
      "observedMin": 1062.5,
      "observedMax": 2000
    },
    "posture.spineAngle.setup": {
      "low": -75.61053948634623,
      "high": -67.83496892299357,
      "observedMin": -74.19021572555202,
      "observedMax": -69.25529268378777
    },
    "posture.spineAngle.top": {
      "low": -75.02680801505377,
      "high": -66.32271089890614,
      "observedMin": -73.60446667700427,
      "observedMax": -67.74505223695564
    },
    "posture.spineAngle.impact": {
      "low": -82.16307998421769,
      "high": -69.80896629346795,
      "observedMin": -80.64011255637622,
      "observedMax": -71.33193372130941
    },
    "posture.kneeFlex.min": {
      "low": 151.62142522466456,
      "high": 173.53855932424213,
      "observedMin": 154.91499363057503,
      "observedMax": 170.24499091833167
    },
    "posture.kneeFlex.setup": {
      "low": 153.40276593866287,
      "high": 174.89035090587964,
      "observedMin": 156.7168273896948,
      "observedMax": 171.5762894548477
    },
    "posture.kneeFlex.top": {
      "low": 155.74918425767493,
      "high": 169.69545127775626,
      "observedMin": 159.0055906326906,
      "observedMax": 166.4390449027406
    },
    "posture.kneeFlex.impact": {
      "low": 161.81934941391805,
      "high": 181.91460766176812,
      "observedMin": 165.29131410386438,
      "observedMax": 178.44264297182178
    },
    "kinematics.shoulderTilt.max": {
      "low": 106.83135666835398,
      "high": 177.8065775683056,
      "observedMin": 111.7261994890403,
      "observedMax": 172.9117347476193
    },
    "kinematics.shoulderTilt.setup": {
      "low": 26.14957997234717,
      "high": 118.06520834212867,
      "observedMin": 32.48858882543555,
      "observedMax": 111.7261994890403
    },
    "kinematics.shoulderTilt.impact": {
      "low": 109.08827484646547,
      "high": 145.84137584883257,
      "observedMin": 111.7261994890403,
      "observedMax": 143.20345120625774
    },
    "kinematics.hipTilt.max": {
      "low": 158.56618075439266,
      "high": 181.96512868758742,
      "observedMin": 161.96440903883735,
      "observedMax": 178.56690040314274
    },
    "kinematics.hipTilt.impact": {
      "low": 142.76872021824101,
      "high": 165.0330999861272,
      "observedMin": 145.83741116553088,
      "observedMax": 161.96440903883735
    },
    "kinematics.weightShift.lateralHipMovement": {
      "low": -0.02715515157097692,
      "high": 0.017420752692953803,
      "observedMin": -0.024080951276912732,
      "observedMax": 0.014346552398889616
    },
    "sequencing.timing.absolute.hipPeakMs": {
      "low": -85,
      "high": 1147.5,
      "observedMin": 0,
      "observedMax": 1062.5
    },
    "sequencing.timing.absolute.shoulderPeakMs": {
      "low": -80,
      "high": 1080,
      "observedMin": 0,
      "observedMax": 1000
    },
    "sequencing.timing.absolute.topMs": {
      "low": -155,
      "high": 2092.5,
      "observedMin": 0,
      "observedMax": 1937.5
    },
    "sequencing.timing.absolute.impactMs": {
      "low": -130,
      "high": 1755,
      "observedMin": 0,
      "observedMax": 1625
    },
    "sequencing.timing.relative.hipVsShoulderMs": {
      "low": -67.5,
      "high": 5,
      "observedMin": -62.5,
      "observedMax": 0
    },
    "swingPath.downswingVector.magnitude": {
      "low": 1.4471064009091295,
      "high": 1.8656407657830985,
      "observedMin": 1.4790602408833295,
      "observedMax": 1.8336869258088984
    },
    "swingPath.downswingVector.angleDeg": {
      "low": -104.5477307260579,
      "high": -98.03061319890044,