{
  "perSwing": {
    "billyDriver": {
      "metadata": {
        "durationMs": 4375,
        "handedness": "right"
      },
      "posture": {
        "spineAngle": {
          "setup": -74.15669234069439,
          "top": -73.45818237125904,
          "impact": -73.15421182166698
        },
        "kneeFlex": {
          "min": 162.3259924197685,
          "setup": 175.22578439370125,
          "top": 163.96114658164603,
          "impact": 179.73386160142442
        }
      },
      "kinematics": {
        "shoulderTilt": {
          "max": 177.95259610119697,
          "setup": 30.623410059314025,
          "top": 104.60093534376426,
          "impact": 42.50530156193322
        },
        "hipTilt": {
          "max": 178.57907745637004,
          "top": 161.28222846101482,
          "impact": 30.833693694761948
        },
        "weightShift": {
          "lateralHipMovement": -0.12281584125906934
        }
      },
      "sequencing": {
        "timing": {
          "absolute": {
            "hipPeakMs": 2500,
            "shoulderPeakMs": 187.5,
            "topMs": 3437.5,
            "impactMs": 3875
          },
          "relative": {
            "hipVsShoulderMs": -2312.5
          }
        }
      },
      "swingPath": {
        "pathType": "neutral",
        "backswingVector": null,
        "downswingVector": {
          "magnitude": 1.7374733671092257,
          "angleDeg": -106.08608499236618
        },
        "transitionAngle": null,
        "downswingAngle": -106.08608499236618,
        "pathSeverity": -106.08608499236618
      },
      "stability": {
        "headMovement": 1.0929507027650966,
        "headRise": 0.1902098555094094,
        "hipRise": -0.046372097572834045
      }
    },
    "danDriver": {
      "metadata": {
        "durationMs": 5125,
        "handedness": "right"
      },
      "posture": {
        "spineAngle": {
          "setup": -68.2968235071457,
          "top": -68.17565408672566,
          "impact": -74.75438324969822
        },
        "kneeFlex": {
          "min": 153.4638095587334,
          "setup": 161.38445645936028,
          "top": 156.0997256811611,
          "impact": 179.9140451703273
        }
      },
      "kinematics": {
        "shoulderTilt": {
          "max": 157.84425807492372,
          "setup": 55.61204132715602,
          "top": 118.00667347851999,
          "impact": 40.88646957413358
        },
        "hipTilt": {
          "max": 168.2986080339597,
          "top": 166.47547146957208,
          "impact": 27.26053680525001
        },
        "weightShift": {
          "lateralHipMovement": 0.08723302360524186
        }
      },
      "sequencing": {
        "timing": {
          "absolute": {
            "hipPeakMs": 4312.5,
            "shoulderPeakMs": 3500,
            "topMs": 4312.5,
            "impactMs": 4625
          },
          "relative": {
            "hipVsShoulderMs": -812.5
          }
        }
      },
      "swingPath": {
        "pathType": "neutral",
        "backswingVector": null,
        "downswingVector": {
          "magnitude": 2.2408331707514866,
          "angleDeg": -104.024744065118
        },
        "transitionAngle": null,
        "downswingAngle": -104.024744065118,
        "pathSeverity": -104.024744065118
      },
      "stability": {
        "headMovement": 1.0581968060524016,
        "headRise": 0.43625968672407683,
        "hipRise": 0.09735715441911014
      }
    },
    "ianDriver": {
      "metadata": {
        "durationMs": 4187.5,
        "handedness": "right"
      },
      "posture": {
        "spineAngle": {
          "setup": -75.30857345255384,
          "top": -74.01230404228706,
          "impact": -76.46110357949657
        },
        "kneeFlex": {
          "min": 159.70402076380716,
          "setup": 171.99983595687982,
          "top": 160.84588634905057,
          "impact": 177.66372346689764
        }
      },
      "kinematics": {
        "shoulderTilt": {
          "max": 175.8747890850358,
          "setup": 36.25600950065253,
          "top": 138.95512730706562,
          "impact": 22.992823885967123
        },
        "hipTilt": {
          "max": 172.97126443795872,
          "top": 162.84149347023683,
          "impact": 21.916616339040257
        },
        "weightShift": {
          "lateralHipMovement": 0.09649136535038333
        }
      },
      "sequencing": {
        "timing": {
          "absolute": {
            "hipPeakMs": 1375,
            "shoulderPeakMs": 1375,
            "topMs": 3000,
            "impactMs": 3312.5
          },
          "relative": {
            "hipVsShoulderMs": 0
          }
        }
      },
      "swingPath": {
        "pathType": "neutral",
        "backswingVector": null,
        "downswingVector": {
          "magnitude": 1.9282128691461644,
          "angleDeg": -101.44534254993229
        },
        "transitionAngle": null,
        "downswingAngle": -101.44534254993229,
        "pathSeverity": -101.44534254993229
      },
      "stability": {
        "headMovement": 0.7243382771077401,
        "headRise": 0.2701184578109046,
        "hipRise": 0.08127711223149436
      }
    },
    "rickieDriver": {
      "metadata": {
        "durationMs": 3000,
        "handedness": "right"
      },
      "posture": {
        "spineAngle": {
          "setup": -72.47610643053365,
          "top": -80.3158837241431,
          "impact": -72.55312438078008
        },
        "kneeFlex": {
          "min": 154.3875430830516,
          "setup": 172.08393499854975,
          "top": 176.52439292036465,
          "impact": 174.39226545858907
        }
      },
      "kinematics": {
        "shoulderTilt": {
          "max": 179.21750681797897,
          "setup": 96.19440629072265,
          "top": null,
          "impact": 45.443681549234455
        },
        "hipTilt": {
          "max": 179.14034134728493,
          "top": null,
          "impact": 31.447242131436372
        },
        "weightShift": {
          "lateralHipMovement": -0.06322827402430918
        }
      },
      "sequencing": {
        "timing": {
          "absolute": {
            "hipPeakMs": 1562.5,
            "shoulderPeakMs": 1125,
            "topMs": 2812.5,
            "impactMs": 2562.5
          },
          "relative": {
            "hipVsShoulderMs": -437.5
          }
        }
      },
      "swingPath": {
        "pathType": "outside-in",
        "backswingVector": null,
        "downswingVector": {
          "magnitude": 0.16171302699892812,
          "angleDeg": -151.22251790788076
        },
        "transitionAngle": null,
        "downswingAngle": -151.22251790788076,
        "pathSeverity": -151.22251790788076
      },
      "stability": {
        "headMovement": 0.8745056894696999,
        "headRise": -0.19395475077271515,
        "hipRise": -0.05851494526613858
      }
    }
  },
  "summary": {
    "perSwing": {
      "billyDriver": {
        "metadata": {
          "durationMs": 4375,
          "handedness": "right"
        },
        "posture": {
          "spineAngle": {
            "setup": -74.15669234069439,
            "top": -73.45818237125904,
            "impact": -73.15421182166698
          },
          "kneeFlex": {
            "min": 162.3259924197685,
            "setup": 175.22578439370125,
            "top": 163.96114658164603,
            "impact": 179.73386160142442
          }
        },
        "kinematics": {
          "shoulderTilt": {
            "max": 177.95259610119697,
            "setup": 30.623410059314025,
            "top": 104.60093534376426,
            "impact": 42.50530156193322
          },
          "hipTilt": {
            "max": 178.57907745637004,
            "top": 161.28222846101482,
            "impact": 30.833693694761948
          },
          "weightShift": {
            "lateralHipMovement": -0.12281584125906934
          }
        },
        "sequencing": {
          "timing": {
            "absolute": {
              "hipPeakMs": 2500,