{
  "perSwing": {
    "billyDriver": {
      "metadata": {
        "durationMs": 2000,
        "handedness": "right"
      },
      "posture": {
        "spineAngle": {
          "setup": -69.25529268378777,
          "top": -71.78681497463052,
          "impact": -80.64011255637622
        },
        "kneeFlex": {
          "min": 168.2623825293217,
          "setup": 169.2278592579819,
          "top": 166.4390449027406,
          "impact": 177.5488750609101
        }
      },
      "kinematics": {
        "shoulderTilt": {
          "max": 166.07111431797827,
          "setup": 32.48858882543555,
          "top": null,
          "impact": 143.20345120625774
        },
        "hipTilt": {
          "max": 178.56690040314274,
          "top": null,
          "impact": 155.86247720519992
        },
        "weightShift": {
          "lateralHipMovement": -0.024080951276912732
        }
      },
      "sequencing": {
        "timing": {
          "absolute": {
            "hipPeakMs": 1062.5,
            "shoulderPeakMs": 1000,
            "topMs": 1937.5,
            "impactMs": 1625
          },
          "relative": {
            "hipVsShoulderMs": -62.5
          }
        }
      },
      "swingPath": {
        "pathType": "neutral",
        "backswingVector": null,
        "downswingVector": {
          "magnitude": 1.4803288294377774,
          "angleDeg": -100.05923885563728
        },
        "transitionAngle": null,
        "downswingAngle": -100.05923885563728,
        "pathSeverity": -100.05923885563728
      },
      "stability": {
        "headMovement": 0.2915693655350025,
        "headRise": 0.2273076967282092,
        "hipRise": -0.031014089131897123
      }
    },
    "danDriver": {
      "metadata": {
        "durationMs": 1500,
        "handedness": "right"
      },
      "posture": {
        "spineAngle": {
          "setup": -69.28731002819161,
          "top": -67.74505223695564,
          "impact": -75.57143250990967
        },
        "kneeFlex": {
          "min": 154.91499363057503,
          "setup": 156.7168273896948,
          "top": 159.0055906326906,
          "impact": 173.11010585266766
        }
      },
      "kinematics": {
        "shoulderTilt": {
          "max": 172.9117347476193,
          "setup": 47.125947766743806,
          "top": null,
          "impact": 133.02847698471862
        },
        "hipTilt": {
          "max": 171.93403944853438,
          "top": null,
          "impact": 150.07389204840317
        },
        "weightShift": {
          "lateralHipMovement": -0.007309933706935605
        }
      },
      "sequencing": {
        "timing": {
          "absolute": {
            "hipPeakMs": 687.5,
            "shoulderPeakMs": 687.5,
            "topMs": 1500,
            "impactMs": 1250
          },
          "relative": {
            "hipVsShoulderMs": 0
          }
        }
      },
      "swingPath": {
        "pathType": "neutral",
        "backswingVector": null,
        "downswingVector": {
          "magnitude": 1.8336869258088984,
          "angleDeg": -101.71550458556717
        },
        "transitionAngle": null,
        "downswingAngle": -101.71550458556717,
        "pathSeverity": -101.71550458556717
      },
      "stability": {
        "headMovement": 0.19707414111968533,
        "headRise": 0.1841365733641471,
        "hipRise": -0.000830494204473366
      }
    },
    "ianDriver": {
      "metadata": {
        "durationMs": 1062.5,
        "handedness": "right"
      },
      "posture": {
        "spineAngle": {
          "setup": -74.19021572555202,
          "top": -73.60446667700427,
          "impact": -77.0500067806972
        },
        "kneeFlex": {
          "min": 170.24499091833167,
          "setup": 171.5762894548477,
          "top": 160.5453253638375,
          "impact": 178.44264297182178
        }
      },
      "kinematics": {
        "shoulderTilt": {
          "max": 149.61877309730167,
          "setup": 34.208176240759094,
          "top": null,
          "impact": 139.62680083494834
        },
        "hipTilt": {
          "max": 167.18030799842492,
          "top": null,
          "impact": 145.83741116553088
        },
        "weightShift": {
          "lateralHipMovement": 0.014346552398889616
        }
      },
      "sequencing": {
        "timing": {
          "absolute": {
            "hipPeakMs": 312.5,
            "shoulderPeakMs": 312.5,
            "topMs": 1000,
            "impactMs": 812.5
          },
          "relative": {
            "hipVsShoulderMs": 0
          }
        }
      },
      "swingPath": {
        "pathType": "neutral",
        "backswingVector": null,
        "downswingVector": {
          "magnitude": 1.4790602408833295,
          "angleDeg": -102.51910506932107
        },
        "transitionAngle": null,
        "downswingAngle": -102.51910506932107,
        "pathSeverity": -102.51910506932107
      },
      "stability": {
        "headMovement": 0.09400900592852716,
        "headRise": 0.14076337798281838,
        "hipRise": -0.01680730230042572
      }
    },
    "rickieDriver": {
      "metadata": {
        "durationMs": 1312.5,
        "handedness": "right"
      },
      "posture": {
        "spineAngle": {
          "setup": -71.33193372130941,
          "top": -71.33193372130941,
          "impact": -71.33193372130941
        },
        "kneeFlex": {
          "min": 165.29131410386438,
          "setup": 165.29131410386438,
          "top": 165.29131410386438,
          "impact": 165.29131410386438
        }
      },
      "kinematics": {
        "shoulderTilt": {
          "max": 111.7261994890403,
          "setup": 111.7261994890403,
          "top": 111.7261994890403,
          "impact": 111.7261994890403
        },
        "hipTilt": {
          "max": 161.96440903883735,
          "top": 161.96440903883735,
          "impact": 161.96440903883735
        },
        "weightShift": {
          "lateralHipMovement": 0
        }
      },
      "sequencing": {
        "timing": {
          "absolute": {
            "hipPeakMs": 0,
            "shoulderPeakMs": 0,
            "topMs": 0,
            "impactMs": 0
          },
          "relative": {
            "hipVsShoulderMs": 0
          }
        }
      },
      "swingPath": {
        "pathType": "neutral",
        "backswingVector": null,
        "downswingVector": null,
        "transitionAngle": null,
        "downswingAngle": null,
        "pathSeverity": null
      },
      "stability": {
        "headMovement": null,
        "headRise": 0,
        "hipRise": 0
      }
    }
  },
  "summary": {
    "perSwing": {
      "billyDriver": {
        "metadata": {
          "durationMs": 2000,
          "handedness": "right"
        },
        "posture": {
          "spineAngle": {
            "setup": -69.25529268378777,
            "top": -71.78681497463052,
            "impact": -80.64011255637622
          },
          "kneeFlex": {
            "min": 168.2623825293217,
            "setup": 169.2278592579819,
            "top": 166.4390449027406,
            "impact": 177.5488750609101
          }
        },
        "kinematics": {
          "shoulderTilt": {
            "max": 166.07111431797827,
            "setup": 32.48858882543555,
            "top": null,
            "impact": 143.20345120625774
          },
          "hipTilt": {
            "max": 178.56690040314274,
            "top": null,
            "impact": 155.86247720519992
          },
          "weightShift": {
            "lateralHipMovement": -0.024080951276912732
          }
        },
        "sequencing": {
          "timing": {
            "absolute": {
              "hipPeakMs": 1062.5,
              "shoulderPeakMs": 1000,
              "topMs": 1937.5,
              "impactMs": 1625
            },
            "relative": {
              "hipVsShoulderMs": -62.5
            }
          }
        },
        "swingPath": {
          "pathType": "neutral",